Name,Price,Category,Description,Tags,URL,Image_URL,website
2.4GHz Wireless Cordless Mouse Mice Optical Scroll For PC Laptop Computer + USB,9.99,mouse,description,mouse,https://www.ebay.co.uk/itm/126299321055?itmmeta=01HQMPT9XHGMEZHPJTF4E8VDGT&hash=item1d6806b2df:g:1O4AAOSwovVlsk83&itmprp=enc%3AAQAIAAAAsJsvy2l1CGU6NHyy6%2FJ85bj3iGbXz72FfMP5lcEtZULcUz7uFVFe%2BZDFraj7XCuR23lcFsnFEKq%2BzPX%2FeTkLUWH907wTfRGguaopDBQLlUIP8iebRows81gZu4t0yh%2FO0Omy0XVTa7IYClc47ZgvzA4k0vXVD4%2B3kUWiKKCqjsQNBXxaVpn6uxixpSm0JCWqeDGBOWeullZyf%2FXpPI9panOU%2F5KGRiGkPzN%2BJJ5EqL9e%7Ctkp%3ABlBMUIaf6Za9Yw,https://i.ebayimg.com/thumbs/images/g/1O4AAOSwovVlsk83/s-l300.jpg,eBay
2.4 GHz Wireless Mouse Cordless Mice Optical Scroll Laptop PC Computer USB Black,6.99,mouse,description,mouse,https://www.ebay.co.uk/itm/125492297737?itmmeta=01HQMPT9XH9RWMBG8FMKK11VHY&hash=item1d37ec8009:g:J4IAAOSwU~xjEI2D&itmprp=enc%3AAQAIAAAAsFZ5yUU6wfOt3p%2BAbG286KHd25Uttg2MupDjH%2F2yMtVPpUodyXDfb5gQBaxOHf2hluIVMS0KZg1DnMIm5YeraYDvQ2dwOFCZQ%2BQRZBoKknkt1h6KvxN6B7YMiPAOgH%2BbahPub3KU1W7np3vuLg5lVjYa7FMQnp7F4EZ2s%2BH9UJl63dWBDDkx8P%2FnQfCGM6cpaB4jZ95fFDIX8LAqL9EovstPhZpwr2GmaaFlwa5QOjlt%7Ctkp%3ABlBMUIif6Za9Yw,https://i.ebayimg.com/thumbs/images/g/J4IAAOSwU~xjEI2D/s-l300.jpg,eBay
1600dpi RGB Lighting Gaming Wired Mouse with Silent Buttons - Black,9.99,mouse,description,mouse,https://www.ebay.co.uk/itm/375184521311?itmmeta=01HQMPT9XHK2EWCEGJ0G2VVXGR&hash=item575abd785f:g:PXkAAOSwnsJlqo6t&itmprp=enc%3AAQAIAAAAsM4dLB94Ufa4NJ0CSRAVOuSbRVD56M5CFDGtJbM9%2BWncPeA0F5T%2F4sz2iWYUw2UqoTb%2FgioZuNr2P3AYdj%2BJOTTf9qa7e2rPwVWbtKPsrLGiSV1qF0xjvkUqKEUx5yVa%2BmInPibg1ciI5hUSwwhrdPele%2B8W0Apyr39LyE6HqxWb8Mm8fR9O1avRzGMz4qCtIAUHXnyYxCyLfJrcwa1W1NtDGYL%2F1maZPm%2BKmkLE6Cwb%7Ctkp%3ABlBMUIif6Za9Yw,https://i.ebayimg.com/thumbs/images/g/PXkAAOSwnsJlqo6t/s-l300.jpg,eBay
Wired USB Optical Mouse For Pc Acer Laptop Computer Desk Scroll Wheel Black Mice,5.99,mouse,description,mouse,https://www.ebay.co.uk/itm/115358836871?itmmeta=01HQMPT9XHEXV6MDT6HXR67BNW&hash=item1adbec2887:g:Z6UAAOSwVeBiZnGb&itmprp=enc%3AAQAIAAAAsHViTuxCbnhc%2Fal%2BAnMehD5NYyhjzSog8w9Cuy4sjZZgQWD3cpHUdWJpcAuce87ZcvRGyd15UVwYca%2FqVR3AOxfwPjj8j532xgfZznyOWwiBPabPyMpXAkBPw42T1xpNT5H1M9qmSetUC1V4Ht102qilbQn6m3VJXnnYWq9jwad58Fl9B1W6p7LmgoTGqmoGcr%2FL%2FFioOVcMy6VJgUCUv69n6CGfUDzqsIR7VykBmjff%7Ctkp%3ABlBMUIif6Za9Yw,https://i.ebayimg.com/thumbs/images/g/Z6UAAOSwVeBiZnGb/s-l300.jpg,eBay
2.4GHz Wireless Cordless Mouse Mice Optical Scroll PC Laptop Computer USB~,1.99 to 5.40,mouse,description,mouse,https://www.ebay.co.uk/itm/386613611722?itmmeta=01HQMPT9XHDF4JRH29WYS5N1GE&hash=item5a03f78cca:g:PeMAAOSwXfdln4-d&itmprp=enc%3AAQAIAAAA0M5kYqhvJ0jSaDRvIiWczmDSAPC%2FlVTYvBTrHA5oD%2BE%2Fh2Zr1X%2BOLzFHoDNQnRqsoYf%2BgyEkA8Rt8S1dYuM9CgfHlnopFHoK3d%2FYHq2AkurBqqJt%2B2LwUdG6EYVvfxYQLIaG04bVZGpG0mqagpZTi%2FPaX82S%2FINh4c77RjO%2BtWRpt%2BZZotwtyBJoE3WWuRmtkM6sXPzGuNH1yPFhFWivo1seR%2BGMXx1Rz2AdPpxuJ%2B%2BYd5v9QCJZH4irGm3few58qOEWXCthew9A1Aj5V15iRjs%3D%7Ctkp%3ABk9SR4if6Za9Yw,https://i.ebayimg.com/thumbs/images/g/PeMAAOSwXfdln4-d/s-l300.jpg,eBay
Logitech M185 Wireless Optical Mouse + USB Receiver Fit Compact PC Laptop Mouse,4.19,mouse,description,mouse,https://www.ebay.co.uk/itm/145244384066?itmmeta=01HQMPT9XHGH2M8TFEDKAPCMWQ&hash=item21d13d6b42:g:s8AAAOSwlQdk2vOa&itmprp=enc%3AAQAIAAAAwJrGNwdiJu6%2BSEByir7F5ZqHXfi2FSq4x9LOquY2L1PE9riFPmViuUCQzEmVewwUh9plFj6l7tWoNfsQKa5AdBaStRYjxj2HB8TJ7w99zuSGAJl8z4EjJiT0N2wtHbp8%2Bbmu9eKvYZWKFYlnPHLTlCJaEKPkE4DxbSJ4HMPM7ClVgws7GEbcgaU09GyOh33Ij2r%2B3mk9A290hHuPx1kmTUXRfJNovCvo0ZIl37uIoN7SAuoHwNG7msoLUHw2t8YjBA%3D%3D%7Ctkp%3ABk9SR4if6Za9Yw,https://i.ebayimg.com/thumbs/images/g/s8AAAOSwlQdk2vOa/s-l300.jpg,eBay
Optical Mini Retractable Mouse Portable Mini USB Wired Mouse Home Office Mice,4.49,mouse,description,mouse,https://www.ebay.co.uk/itm/314224561667?itmmeta=01HQMPT9XHMEM6XMKPZ3W2XG1C&hash=item49293e4e03:g:mmgAAOSwhyFjbKF4&itmprp=enc%3AAQAIAAAA4KyK0Da3hc9zEIWHl61WCDTvCqKfJw6PFc2Wu20%2FEo%2B0GPqxv5Vma9VldeDG21p7tbpYwWdwEDQ5%2FB8Q5nNjF2TzI98QpFaM%2FG%2BDmOuvu9Cl%2FdaSbc6t3uGmY5M20y5HisppQZEwMpOQna4jsjnZvEOQM8KkJcHCNWS2Mh4C1KPhbQY3kIxleMfs9YQbENyhgvR88GvEZTLjFNPzL5UcN24CkuW89eBIg0rAbGZg2RhKKA%2BgOiRUs2jIaWHsFRexcetIHkp3dqBBAc5X%2BNsy6IlLIYpIyThW8r%2B2WPv0I1Ua%7Ctkp%3ABk9SR4if6Za9Yw,https://i.ebayimg.com/thumbs/images/g/mmgAAOSwhyFjbKF4/s-l300.jpg,eBay
2.4GHz Wireless Optical Mouse USB Rechargeable RGB Cordless Mice For PC Laptop,1.57,mouse,description,mouse,https://www.ebay.co.uk/itm/166383616469?itmmeta=01HQMPT9XHSN2R5N0ME1BB7WEP&hash=item26bd3c81d5:g:PsoAAOSwrhNhcni9&itmprp=enc%3AAQAIAAAA4KL919NQ%2FdcR3FjSYa4IurFkBAmw8n9AMq3TDldgicFx%2FlPzePvKMRMtxOWyM3%2F1h5pCP40bVRElLju8YYOLhTeld%2FZ0p4ut3cK%2BCv1tu%2FObCgjGmUuweQSgIv9AsSDsC7fnIUg15zt0Lmy5AJ%2FpA66uk9YVZzo2fhF1%2F6n3Eu9PmxPvAGyepmxfSve608rwugwmBqd%2BRwodPPk8NVVWZ9krc9aEvgL4uBc3awMLZ5r9Xa4VCjl3jYqyzfnOg2r7Fp71sGcmXRnMe4n9Iz64wo7Itp%2FJsKc7dpHGG%2FcQaPol%7Ctkp%3ABk9SR4if6Za9Yw,https://i.ebayimg.com/thumbs/images/g/PsoAAOSwrhNhcni9/s-l300.jpg,eBay
2.4GHz Wireless/Wired Optical Mouse Mice&USB Receiver For PC Laptop Computer DPI,3.19 to 3.89,mouse,description,mouse,https://www.ebay.co.uk/itm/134719418455?itmmeta=01HQMPT9XH42M1ZEF4WH7DHPQC&hash=item1f5de73057:g:KOgAAOSwFIpk-s15&itmprp=enc%3AAQAIAAAAwKhguE2RvuTNoCLDsIvYu4wnEmx1rwlAv0KgH6aNw9sXgBq%2BPImzGjrVvqBLu6Ub65ThvrujmMHaWw2DTDgXzJhpkDxYxfZySWWhpbxSdtPzs67mQQMq2SFGCnIkypSOZAOxJMhF%2Fv8ZVUVY9fytU1rSePAFT2EnWc56vGsCSk5ETiYa6nsWyiiLH%2B%2F6ZQVssB5qHnDlfKdIx--OZs1ZPOH5lt%2F0eZW7HcxS7jdYP0zQ6d5R1Ciz51RHgPMm%2FihHIQ%3D%3D%7Ctkp%3ABk9SR4if6Za9Yw,https://i.ebayimg.com/thumbs/images/g/KOgAAOSwFIpk-s15/s-l300.jpg,eBay
Microsoft Basic Optical USB Mouse v2.0 1113 2-Buttons w/Scroll-Wheel,7.50,mouse,description,mouse,https://www.ebay.co.uk/itm/373758219504?itmmeta=01HQMPT9XHHFRJ5PJ7ZK3Z9HWH&hash=item5705b9d4f0:g:MF8AAOSw~R9haq8L&itmprp=enc%3AAQAIAAAA0LW74X9%2FYAVR%2BpLESbVio7HEcOVZgvAhXWzFRBtpqs5d0Fw7MaRNR4EzeemJdzjZ3iWsLCGbbB8B%2BoHMnw%2BTAoOhEl2V1PqoN%2B4YoUwBV%2BCZT3rsujqzNCz49exJyiW%2BlTgR%2F2pOl33yvINo%2FbBUknjqiGaPeojzZtSgGxDTECRR7dp87wxOgiT7IfCoWXchQoAT%2FO%2BjMhw8cuDCC%2FE1G0X2uXOy3RfRl7OfdlQGC%2BiMttXwYMxTnuKYOU3S7M8AHuDZNcHG%2BfCssm2UkzdHvHM%3D%7Ctkp%3ABk9SR4if6Za9Yw,https://i.ebayimg.com/thumbs/images/g/MF8AAOSw~R9haq8L/s-l300.jpg,eBay
2.4GHz Wireless Cordless Mouse Mice Optical Scroll For PC Laptop Computer + USB,3.29,mouse,description,mouse,https://www.ebay.co.uk/itm/296247395051?itmmeta=01HQMPT9XHP5NXP6E2ECNBGEWF&hash=item44f9b882eb:g:9aEAAOSwRgpl2cQA&itmprp=enc%3AAQAIAAAA4FQj0tm0kh83aE%2Fchvw%2BJqX0vSdh6DpIv6fd%2BiKMy3vAEJeW5oDma2d80e5%2BjgErwKqCF51gAMGtz00AGYFt0UmWDhnbNnw%2F8JP3cI451zL279ErrFx1rjQ3IZCokncucvHfjvR4aQV6noPlZKyaNgOWp6SL%2BtQjDo4vnQO1R6LIw01KEwlQsf%2Ffbm%2FD6xpleUtLZIWDyLOuR5N%2FyMJ9MarLPCJQ1o99dvqIpR6L7pgBmZrfyJZjn%2BuG2npIj10tCmldpfvTsPA9ksOBuvlCbPUMWdDWGPTK2DBcU3CnZQkC%7Ctkp%3ABk9SR4if6Za9Yw,https://i.ebayimg.com/thumbs/images/g/9aEAAOSwRgpl2cQA/s-l300.jpg,eBay
2.4 GHz Wireless USB Mouse Mice Optical Car For PC Laptop Computer,5.41,mouse,description,mouse,https://www.ebay.co.uk/itm/256137848779?itmmeta=01HQMPT9XHZXHQCNM7JDSP9NND&hash=item3ba30167cb:g:NLYAAOSwYSVkrR7j&itmprp=enc%3AAQAIAAAA4C7lu1IBNps%2Ba81M0axGvGMoSEvkuy6fz2uFrF2TuJ11GayGBtxKQV7JfIk5dZ6lb7O4C48EC5q9ovXxlS98iK8xcO0HCzhCfZ5ICSH3J618UYj9yqz%2B7GqVrFTH8%2BH%2BzM6a63V1ojMTPOq4mf0vhaVQfTbwekYSU2%2BlQsiz0FzJD3MvG0KqraLP1BiPgLcTz8agBFw8jwvIwkkstTFZhIlgSnB7zwkDpvHKFCiW01LQ1wm4zhrDea9F6skJQQhHMxbKK8IUebYMlvikja%2FxmQZGFiiLFi9inxa6B1BcoWqf%7Ctkp%3ABk9SR4if6Za9Yw,https://i.ebayimg.com/thumbs/images/g/NLYAAOSwYSVkrR7j/s-l300.jpg,eBay
RGB LED Wireless Mouse Rechargeable Optical Silent Mice USB For PC Laptop UK,2.99 to 4.99,mouse,description,mouse,https://www.ebay.co.uk/itm/355458945431?itmmeta=01HQMPT9XHC78NYXBCRWP8JZCS&hash=item52c3011197:g:EzsAAOSw9pFlyyAR&itmprp=enc%3AAQAIAAAAwAOeBuj6mtZuyvgtQWRAwqW45GYfYuCd9DCQI4M80Swy9esh9VAl1xHP0b4ANpD1UI90dJopBnN4o44xLglpJ9JYul6W4dI8DDlaM0kwLM0cQiYmnqlywAOGe%2B4SLJgd%2FyGmWVQy2PyWPWH0hmXemBvf45dbnK3onUR%2FX3s4bib1Bg1hefubvfxJVOmH%2BZsNCaFww13qD9z%2BSq2cL71reE6%2FecwugQLxJlgUdebTIN2xSONcZTvrBN%2BnzBOLufYvqA%3D%3D%7Ctkp%3ABk9SR4if6Za9Yw,https://i.ebayimg.com/thumbs/images/g/EzsAAOSw9pFlyyAR/s-l300.jpg,eBay
2 x WIRED USB OPTICAL MOUSE FOR PC LAPTOP COMPUTER ANDROID BOX SCROLL RED LED UK,8.99,mouse,description,mouse,https://www.ebay.co.uk/itm/125514156201?epid=10033702839&itmmeta=01HQMPT9XH8FD9TZZV135XTHYM&hash=item1d393a08a9:g:cEkAAOSwwdJjIvst&itmprp=enc%3AAQAIAAAAsPMOgQNz1hyLNqWs6yRISCWXitQ4BCNrXz9gvYIH3EMVSfUUsUaRUA3DDEtTKcZKCrZ0rO7YJ5HmBOhnAXOLYZbKF02sBiU0wl6YghlOfI1GU6kFTLww2va1iZq9RMNIRksH3tZP%2FW823IGfuBtlwy0UDuqw%2F2q7UcYt69nJslfImIvSmnTfqGQ8hKNWzZGrty90QGeEurNeONCDn0Joo5VbLFVGtX3Em96xxztE6B7O%7Ctkp%3ABlBMUIif6Za9Yw,https://i.ebayimg.com/thumbs/images/g/cEkAAOSwwdJjIvst/s-l300.jpg,eBay
Razer DeathAdder V2 (Death Adder) Wired USB Gaming Mouse First Class Ergonomics,39.95,mouse,description,mouse,https://www.ebay.co.uk/itm/125823766620?epid=3036188799&itmmeta=01HQMPT9XHQM8ZXNZ60TPWFXVV&hash=item1d4bae505c:g:KK0AAOSwsjZkEfT2&itmprp=enc%3AAQAIAAAAsEZ3nxP1fBPCGkWJ11JApgWq80sDpoh8SnDXgD4QKqjGzp0yU3SmXGBYJvrhPuPtmlwZXCyNVd01yF2a%2FSOh3W1r2sp9LUky0hunMBdC4skbrtHFcNH6FcHULCntvsJSDp%2BTgnCW0YVMyGydM%2BhCSoy0jQJyPpKQ8aGASQuQHQUQs%2B04I5MvVanD3pG06Ys6po21Bpr3mFjkL5SE22PCYjf65KlakD%2BjRWcDfQUiIUUO%7Ctkp%3ABlBMUIif6Za9Yw,https://i.ebayimg.com/thumbs/images/g/KK0AAOSwsjZkEfT2/s-l300.jpg,eBay
Wired USB Mouse For PC Laptop Computer Optical Scroll Wheel Black FULL SIZE,6.99,mouse,description,mouse,https://www.ebay.co.uk/itm/370861669545?epid=18032168093&itmmeta=01HQMPT9XH4WPTG5P67W6NAPNE&hash=item565913fca9:g:GlkAAOSw0ehaAgDk&itmprp=enc%3AAQAIAAAAsLLbSb8P%2Fz9bu0CzGm9D%2FOYJLXur723MYLrzBD%2B0W5VD0C%2FIJPzVuiH6vH6AIeltiRaf5k0yD6PmC7TWpBYOhj2o4IrAMG0letCPrfs1QORNmunXA4c0EmpPW2nIl8RHJDIcPZgi5xwFQzKHEZ%2B9NYr9eSzu6DWiwq9EKdoLnycEYM8qny9l7AlD1LIdcVOUq5Mdco03B79dDzn2RyBWfOXmirOEwHc9uf7q5Cl%2BHQ0Q%7Ctkp%3ABlBMUIqf6Za9Yw,https://i.ebayimg.com/thumbs/images/g/GlkAAOSw0ehaAgDk/s-l300.jpg,eBay
New listingLogitech MX Master 3S Wireless Mouse for Business - Graphite,24.44,mouse,description,mouse,https://www.ebay.co.uk/itm/176259184743?epid=22057280705&itmmeta=01HQMPT9XHM2ED3WHXB0MZJPA3&hash=item2909ddb867:g:rVYAAOSw84Rl3TS1&itmprp=enc%3AAQAIAAAAsHoyvI8mQmHoN51YsLQL3VWJI%2BrFj4LAH4SuQXZmvWa%2FmijWijT98NfJ3URLxT%2Bmqw5erVjUvGYXZNIwMtKupYXRzwrpcrwPo4MIyfZVJ9IGg9N1MAZBaaz2kfXzCHtIlt7niw2l2ISyQjbxELo9gT4Px3FvJd02zWdpwhWr7LJj1Nqz7udI2x7uj3tXdIl0v7WY8BcvBOyMejrvLB3f7pPIqVfi1lgNBJH5mkLhSRVr%7Ctkp%3ABk9SR4qf6Za9Yw,https://i.ebayimg.com/thumbs/images/g/rVYAAOSw84Rl3TS1/s-l300.jpg,eBay
"Genius DX-110 mouse, optical, 1000 dpi, wired, PS2, black",6.48,mouse,description,mouse,https://www.ebay.co.uk/itm/285385781957?epid=2254309824&itmmeta=01HQMPT9XHDTVXSCMA7MNKADBT&hash=item42725172c5:g:xY0AAOSwA5NlqNoT&itmprp=enc%3AAQAIAAAAwG2bKZj6hMP1aLpPcLVAq9ZizXUvOa4CCTlwgeVCn4R0zSboon80U%2BHff8LrbVb%2FC%2F9Omvz6EDIut6EC%2BrmgHMND36vpHQMCpF7OL7zYB5l5gVGYk8NoBsk8oqaad7JA0b%2FVydb5ekXPOJnimnGYssFLQSp%2BsSWoAISSNZeAF0mhHLGoxt%2Bo7KQzXCO7YZGfCzXZtfsLqUcqFSWFxRDi%2FDTbhD2wfSCKxlxz8cz%2BRb%2BxQ8XNCZh3IxSu6MhraDKteQ%3D%3D%7Ctkp%3ABk9SR4qf6Za9Yw,https://i.ebayimg.com/thumbs/images/g/xY0AAOSwA5NlqNoT/s-l300.jpg,eBay
Evo Labs MO-001 USB Optical Mini Mouse - Matte Black,3.87,mouse,description,mouse,https://www.ebay.co.uk/itm/354595972813?epid=21037098640&itmmeta=01HQMPT9XHNCW3J0FQ4ESNFHQE&hash=item528f9126cd:g:iGsAAOSwacZlxCB~&itmprp=enc%3AAQAIAAAA4HMW%2FWbIlISnOhm3t5SK9rPfIIYc25s3HEI6NF8DjothUe8vh0ns0XOvqzFhCetC%2BHh2g7c9eLIqyIHx9TIZaLbr%2BPp%2BnujXHdH5vtISCgQ9cMYlcbJAc2RvQw0hFbz%2FlnzKXOhO1aTgAGgPN3B7kfV2W7npoj0M5kPo4GaOm219UrR0wjYIfzI%2FaZxBlhepTDBt1W98K6n6TMKWZ96qslfbi2NOBDDmBrJwZkHhUHZ8URr72xqkcwWF5cwQykze3uBc%2B6p%2BtblPZkGRx%2BWZn9wHns0Qo%2F4BBQFuTC6v%2BkS%2F%7Ctkp%3ABk9SR4qf6Za9Yw,https://i.ebayimg.com/thumbs/images/g/iGsAAOSwacZlxCB~/s-l300.jpg,eBay
2.4GHz Wireless Cordless Mouse Mice Optical Scroll For PC Laptop Computer + USB,3.49 to 3.99,mouse,description,mouse,https://www.ebay.co.uk/itm/355461231920?itmmeta=01HQMPT9XH31S4HV3TS17KB1HC&hash=item52c323f530:g:12kAAOSwHZxlyzTd&itmprp=enc%3AAQAIAAAAwLvFuE6JNfp6dTOp0FMWNsXBWlAodbGehhRKZ6SlarSDZBtbcCh1XBJPnbENsDy7e0vEiseQOotO27bpndWuhMsjdRD27VrBKJ%2F2QYrarvDHYofGULQLTiA0q3tMN6nXYbHCGaQokhBjL9nPhPNNjLP8WBZ%2B852EHvvDnTrKsaqhf%2Bm3OMNStM3m5Vj5gf3PLPx2yiGR%2B%2Bv746kzFu7d4zWI1Yt%2FuvOTzZIBfQNDyXVQNNs2d0jmjVigNJX0sfCsAA%3D%3D%7Ctkp%3ABk9SR4qf6Za9Yw,https://i.ebayimg.com/thumbs/images/g/12kAAOSwHZxlyzTd/s-l300.jpg,eBay
TeckNet Wireless Mouse 4800 DPI 2.4G USB Optical Scroll For PC Laptop Computer,6.00,mouse,description,mouse,https://www.ebay.co.uk/itm/364702214358?itmmeta=01HQMPT9XH9SBBTXWTJ0DV5FRJ&hash=item54e9f228d6:g:0rkAAOSw2MpltVXK&itmprp=enc%3AAQAIAAAAsMQ0e1oh7LQPtZqxsKEzDa2ONdyDgH1P%2FZVoSGyJaROCq0hT%2B8SFek%2FMs1HwgrAz%2FSkWnDH6zbjXv%2FDY0nFisti56HHotBn0RAF%2Fr2%2BsgapjJwsBR8o2uyqiRno%2BJ6DUKFqG7FcDQ8CPM2mq%2Fg9KKPK3DojwhEO84f8XDJtIjQth%2BY5FEvg%2BDFwJi3JOZnynusPi2%2FgEOn7ddiRBZm%2FO8sst%2BijHVdU0TIGf8b5kkgld%7Ctkp%3ABk9SR4qf6Za9Yw,https://i.ebayimg.com/thumbs/images/g/0rkAAOSw2MpltVXK/s-l300.jpg,eBay
Slim Silent Rechargeable Wireless Mouse RGB LED USB Mice MacBook Laptop PC UK,5.99,mouse,description,mouse,https://www.ebay.co.uk/itm/355446302450?itmmeta=01HQMPT9XHXXWW5SZ0XBRZGB2Q&hash=item52c24026f2:g:WusAAOSwSGdlweLR&itmprp=enc%3AAQAIAAAAwA7%2B4OHm5rfo23BeSykcDWWj%2FkWO%2F9oYbcuxPouo0Ez4cGxfPdjgiIxRtqLSii6Rc%2F1OkEwqv%2FhuXcBa5whqSMv0CtES3GBaETtMS8EbrBjYkMBsF8CJV0cY%2Bt7uERZ1j3mh5ki%2Fd0Q8cKQF8HvMv%2Fb0XXRZXHJzyu8MkIdDYhZ5jQXzvNBtzvC5h8XmlyCLPhS1DhP4dzKfWXez%2FgJbePrrMx%2Bq%2BtKbWsDj8k0GuXxCNeyxOOpipNP5tWGQ3BtaAA%3D%3D%7Ctkp%3ABk9SR4qf6Za9Yw,https://i.ebayimg.com/thumbs/images/g/WusAAOSwSGdlweLR/s-l300.jpg,eBay
OOBRAN Universal Wired Usb Optical Mouse For MAC PC  Laptop Computer Scroll,3.75,mouse,description,mouse,https://www.ebay.co.uk/itm/315028719463?itmmeta=01HQMPT9XH98B51QKT9KM5CX92&hash=item49592cc767:g:ZMgAAOSwqg9lm-ID&itmprp=enc%3AAQAIAAAA4OmuJcE9lPgBxwxJRE3OQVi41lK2dT7XcKp8rx33%2BXWcyUAgwgRDw11qU5P9UFTuh3BQIxUpgb%2Bkdw0tElHolt4iGhE8sTd7Ym3wACTXFmxLeLRsFZWhONf3N54ckq85tO4T0U4ODBC8cdugn2GTxwRcJAGuRFYTPzwizN9WI68xiX0JVnOQXV65OHMZeLx6dSsOp0%2BoMfzJRDYosgq2UNRea0Kb80Z9CmOWQQbr9lEIVdOjBN5I1RddWoxrhNPPdYDVKE87SKuxzJZ0KU3S1tUjz3L4CHITiQ6ZWCnAyg5u%7Ctkp%3ABk9SR4qf6Za9Yw,https://i.ebayimg.com/thumbs/images/g/ZMgAAOSwqg9lm-ID/s-l300.jpg,eBay
2.4GHz BLACK WIRELESS USB MOUSE SCROLL SLIM CORDLESS OPTICAL FOR MAC PC LAPTOP,3.49,mouse,description,mouse,https://www.ebay.co.uk/itm/304567513090?itmmeta=01HQMPT9XHHWHPJVHF92KTRZ0D&hash=item46e9a37002:g:uLQAAOSw0D9c3IXV&itmprp=enc%3AAQAIAAAA4MJ2FSdEb4VQJSjAg3ZJsXilPPUZ9kU3mLLE36MGyuytIrR2%2FJyqaccPqyXhvEjDjidcng8bGkIRQO8%2Bj49bpSY9724F0K71W6xrqtAe95FESoMYVoNJzDKiBdlVy38FyY9puLUTsJQA9KahTZ2Li6LNjkgHKWjySHkMdwx8AbqM73HRSzliyqQUifHKhJZ91sEFBmqir6tanTgwM7est8NSduIJYZYyy508%2BxyoMrkAUPDwKIf5nE5%2FYUY3hOT6iKC3VSZqfVwME5NA3Ke0wsa3ZT6pglKCtbnbyBnDS56q%7Ctkp%3ABk9SR4qf6Za9Yw,https://i.ebayimg.com/thumbs/images/g/uLQAAOSw0D9c3IXV/s-l300.jpg,eBay
2.4GHz Wireless Cordless Mouse Mice Optical Scroll For PC Laptop Computer + USB,3.49,mouse,description,mouse,https://www.ebay.co.uk/itm/116061730216?itmmeta=01HQMPT9XHHKK5KDN0BDGE405A&hash=item1b05d175a8:g:zxAAAOSwbN5lw1S2&itmprp=enc%3AAQAIAAAAwFvxW95ZsjyO7IIhqf11JFeQP4CrhMyczbWJ3JqzPJ2Mtn%2FrelehzKiwUHQ7ezxAnZErZJCF6Gdjp%2FQ6ZW6Z6XgLYvR3HgBZ%2Bn%2BBp%2FMm38%2BJYr1vzES4TlzT20VtnYizY2Rdfy2Wp3XRaTY2S6hYYQ0%2BMS8PpIw85wYK21fQUCXvUjUnIAnmJfWzYpaePGOOdvbbmpMcJdmXD3g3jMCf43%2FXMiGuA%2BVvQ0lJ9Ha3WjB5EfE3UaJ5GoMu3%2FBeealW9A%3D%3D%7Ctkp%3ABk9SR4qf6Za9Yw,https://i.ebayimg.com/thumbs/images/g/zxAAAOSwbN5lw1S2/s-l300.jpg,eBay
Black Wireless Mouse Laptop Mice Mini Cordless Optical Adjustable DPI Silent USB,4.99,mouse,description,mouse,https://www.ebay.co.uk/itm/176218271816?itmmeta=01HQMPT9XJGV3HW0XFVMBGGV4N&hash=item29076d7048:g:--oAAOSwPkVllCIb&itmprp=enc%3AAQAIAAAA4PMXCJEkD05zJVBzfEJ9aAWSoso0UGZbRY78ES%2Bmzb1AK%2BitCNPuq70HPCDLgY%2B2%2F%2BFZAY5%2Bv4PUgdMMuHEBbbRFsduKahYdIfICz8myiXtOGieo7ZAo6CmLTBp8vpN5SQJN%2BXTFqrezL6d2hpk192CQXUxLneSzC20o%2Fyfip45ljW47Q%2BGNIymCxBVEC4%2FYmelNH6VTO27LcTYZvwO55U%2FJhh36LSfjKsdMIHlJWnHK9lXu1Z%2F9gAl7kjVNSYdQhTlrZAPgaf3ETp5P0gyftaaQjyG%2Bs7Uiy%2B3yVZ0kIVJz%7Ctkp%3ABk9SR4qf6Za9Yw,https://i.ebayimg.com/thumbs/images/g/--oAAOSwPkVllCIb/s-l300.jpg,eBay
Slim Silent Rechargeable Wireless Mouse RGB LED USB Mice MacBook Laptop PC UK,5.99,mouse,description,mouse,https://www.ebay.co.uk/itm/395196328614?itmmeta=01HQMPT9XJR4WQ2B549AWQT9YY&hash=item5c03896aa6:g:CSwAAOSwovVluQ~y&itmprp=enc%3AAQAIAAAA4Np2RdzV72bFRxQL1rKvqJITMU9jnu6hyCV26GK%2FJJvUawWggYDvBjKWtu7HjvxS6lokFYv3k5K3l2tCbmU7LPkOJbfUuFQWpxOMWuf0aCY0RH4ORM1JmsAxT9%2FU9PZmBejmQvaKCq8FBILcxrV%2BQhxGPo%2BVsQckVa8ASdlkQws9g8lCIiQf5Cslec7pLForzRUqNyNE0HiB%2BIwMkf3lmioR%2FzSRmEeu4qHPgfnT3u%2BVq60wDyxun5aTuFhO7jB5ZxKDvaEOSfu7QLpn%2B49WBX6HTw6yUKhKCkVVrquhYJmq%7Ctkp%3ABk9SR4qf6Za9Yw,https://i.ebayimg.com/thumbs/images/g/CSwAAOSwovVluQ~y/s-l300.jpg,eBay
2.4GHz Wireless Cordless Mouse Mice Optical Scroll For PC Laptop Computer + USB,3.25,mouse,description,mouse,https://www.ebay.co.uk/itm/116075849177?itmmeta=01HQMPT9XJEPXV8KMN9447BHGC&hash=item1b06a8e5d9:g:eBMAAOSwhpFl1jeo&itmprp=enc%3AAQAIAAAA4A6lOHURg8rNVgVeJXAFnB6QtPOSTPdQzE9ij2W4z7EKYq5iY4QLLT5uHFXUtVUMvyvdLDO%2BlCFOqLRLSuSli2E2%2BjiMuDXpkYa3GeuITLqpxtB2hiCexTM8Cu1r%2Fa%2FXPgNCJlBVxugbU8A5H655WQ9bOHOlXjSrzWeNSNl%2BX7hrAb33SkiQdkb4V052iLUnXhwn42yu6dfCy5nacdC8Gt8SPn9W88A5BqBPPE5K04sLUwC5XJlsOrJtNz85jSuTmzpVB90WgkL8xPnzsKuQOM01wqEaXeFKgK1mRDuWIs0o%7Ctkp%3ABk9SR4qf6Za9Yw,https://i.ebayimg.com/thumbs/images/g/eBMAAOSwhpFl1jeo/s-l300.jpg,eBay
Personalised Mouse Mats - Just Let Us Know Which One You Want Or Your Picture,5.99,mouse,description,mouse,https://www.ebay.co.uk/itm/364469711290?itmmeta=01HQMPT9XJG6XR30C89JZ7GX4M&hash=item54dc1671ba:g:secAAOSwSb5k~Fho&itmprp=enc%3AAQAIAAAAsFzmHl7G1tjBI4RNjJtOoQ9IotQ7Y3ZArG0QBVYiySdbpsO%2FKgixftf5rfN%2FCebAKU3%2FC4kpMDHqjmY7992Age6EOEgOOnHp15ADHdXQwBlStwhbXlVorlBpYyEdB3joNpSvVH15ZT17Hloyo1mhUMK0xFTDLXGBnqCyY38TEhFduvBL7rMMBGn7peNsTpq0VixaVhtsyOR%2Fmw36hHmIxNmlp%2F%2BjB6Z1UB1EQjCP4plS%7Ctkp%3ABlBMUIyf6Za9Yw,https://i.ebayimg.com/thumbs/images/g/secAAOSwSb5k~Fho/s-l300.jpg,eBay
WIRED USB OPTICAL MOUSE FOR PC LAPTOP COMPUTER SCROLL WHEEL LED LIGHT BLACK MICE,5.99,mouse,description,mouse,https://www.ebay.co.uk/itm/125088671173?itmmeta=01HQMPT9XJGA50KS0HYK0PC3PD&hash=item1d1fdda5c5:g:l70AAOSwThhiMca-&itmprp=enc%3AAQAIAAAAsBPBlF1SnTIzTFnjSHyD9CcKDDtQRq3ovyNp9NLU4x43xhizUgJ7d2Li4ZMNo2rnkHHBvQuPeTkUx3eOdKtxrLH%2F2OofKftdESz9oV21NJcd8opXUiTaIGiCtGmG%2F03jpYeDrxP7qkW2JBJWmitqbkBDOxkbQsdvgQj0oODvZdQ8usFY0QcWosSaH8OgRXgs4l%2BlaNWRZc428%2FQXtXdD6J049hQuo6d9O4XueHitwEY7%7Ctkp%3ABlBMUIyf6Za9Yw,https://i.ebayimg.com/thumbs/images/g/l70AAOSwThhiMca-/s-l300.jpg,eBay
Marvo Scorpion M112 Programmable Optical PC Gaming Mouse 4000 DPI  Colour change,5.99,mouse,description,mouse,https://www.ebay.co.uk/itm/116041028129?itmmeta=01HQMPT9XJE5F685K37K2SFE3V&hash=item1b04959221:g:acAAAOSwOkpjaY~Y&itmprp=enc%3AAQAIAAAAsAkMoPBjvMwQb3kVo22B5kuxvk0Paul9rnozVxKV4iXO3AtzOjACdBN6niDDl7C%2BN83ufsrwB087HlqmhsUIYlPQJvDNAEvwmyJ9H98KLDkQPUz%2F7PgUxXbaRvjRD9uAlLpcYyVwvBFytChbEUW3KCkeJzW8vo9VFZ5E71aUgEKoM5ulhw%2BbV2eKOva77BKxrzYqaX2bNGhUuFIoepqpoPu5sy33DRiMUJ8OTw7WX%2B7V%7Ctkp%3ABlBMUIyf6Za9Yw,https://i.ebayimg.com/thumbs/images/g/acAAAOSwOkpjaY~Y/s-l300.jpg,eBay
RAZER Deathadder V2 Pro Gaming Mouse With Ergonomic Comfort USB MISSING - Black,42.32,mouse,description,mouse,https://www.ebay.co.uk/itm/116036564326?epid=14041513312&itmmeta=01HQMPT9XJM8TC1PTWD1QGZZYT&hash=item1b04517566:g:TaQAAOSwy~ploAq3&itmprp=enc%3AAQAIAAAAsEL93C7X34IfphGdl%2FJDUtx7Je%2F5SRVrCREjfZ1vQ8%2Brp374%2FYUZ4woRB0aUXLG12ceJzv5hcQOw%2FxToiraZZwFwr%2BHpi1Zt7JdnvwouxAeBxepIItgwBHiytcOePhvENh%2FFhZetoV9Zzv9XMRSBg3c3EcuVgOBN8ksL0CTn8XxU8bhKaeuugAw7OjyB%2BEdDSMBv%2BLKyMbzrjgHOZ8tFGJntXi%2F7aIjywPy%2F42BuSsar%7Ctkp%3ABlBMUIyf6Za9Yw,https://i.ebayimg.com/thumbs/images/g/TaQAAOSwy~ploAq3/s-l300.jpg,eBay
2.4GHz Wireless Cordless Mouse Mice Optical Scroll For PC Laptop Computer + USB,1.99 to 3.47,mouse,description,mouse,https://www.ebay.co.uk/itm/404812156280?itmmeta=01HQMPT9XJJEAR5K1NWTTSYXJT&hash=item5e40af4d78:g:gW4AAOSwd79l3FQJ&itmprp=enc%3AAQAIAAAAwAeXVLicDDFzTh7EIoqsSxe3paQEdkWKXBDfy1SHcNDX8tpzEQ048%2F%2BEJarT3Hrb2FS5NPiGSltUDgF6RcjC1F83yJHdAE9cIMjBlPHga1j4%2F1UxWVoSZisSa5K86aWbQwKaUGalLUa83zIEIo1y3j%2FOY93rNJVD7QiBIMLiIZPlfI8QWPwTT%2BfjC5NEJxJ6z50oOjgwA1kZ%2FpA8p9PizlSVWWX75gfc%2BRbPMDNFiS9lX1mR28%2BC398yTt%2B%2FPA8R6g%3D%3D%7Ctkp%3ABk9SR4yf6Za9Yw,https://i.ebayimg.com/thumbs/images/g/gW4AAOSwd79l3FQJ/s-l300.jpg,eBay
Slim green wireless optical computer mouse with 2.4GHz nano receiver 1600DPI,3.69,mouse,description,mouse,https://www.ebay.co.uk/itm/122348907880?itmmeta=01HQMPT9XJKMHBFG6J6BZ7AVYW&hash=item1c7c902d68:g:7EYAAOSws4tevCvK&itmprp=enc%3AAQAIAAAA4MnwArirkjr4q7DBrmDV%2F%2BfJpvmo3yAPEGKh5AgAbxmyNZwLX2UMXBvriOhV1IWighFyjT%2FpR4zDYEDFIy2DmDbef9I3xzrNF8sMG5KUHQd6N20UQNE%2Bn96JFL0y2CrONdCdJyK6%2BwQM9U2nHp31LfWUFJq%2BuMaXrC5%2Fp5TSxRwB1PsxGsme539U0sTjfqDwWnrPK4IAsIlxCX2q3BYP5NBdXvQjm3OmaCe%2FmU2u%2FLOvr1jezA90fRbjI4Q7682oG4T9I%2FzONqea7QDS75urxTVh%2BvKIZPe6vIeH1yAdk79A%7Ctkp%3ABk9SR4yf6Za9Yw,https://i.ebayimg.com/thumbs/images/g/7EYAAOSws4tevCvK/s-l300.jpg,eBay
New listingDesign Collection Logitech Wireless Mouse  Floral Flower Design,5.51,mouse,description,mouse,https://www.ebay.co.uk/itm/226020143941?itmmeta=01HQMPT9XJ007FZ18MZA6GAQRM&hash=item349fd9b345:g:3TMAAOSwQudl3J8m&itmprp=enc%3AAQAIAAAAsFu3XSvjx7hkNm0n8VqUAH1LxD7Mzf0%2BxFiIZ8qR%2Bvoi0Elq86E5UibAtj%2BtjlCWcB4yCho0X0KWnJsejiGCf8%2FnYfTiykm%2B5a9xbXoPy4CxE4Gg%2BaJJzzRfz9%2Bh6Pg2gdZioz6iil9omcNxUVwJpQso4iBxFnXom6ixftwapdu%2FKnFjLxgVxyAPN6ki1SQFd5OgYDDzaYUmhFEgdW%2FrliX35bCTWdNffzQzErgaVnm6%7Ctkp%3ABk9SR4yf6Za9Yw,https://i.ebayimg.com/thumbs/images/g/3TMAAOSwQudl3J8m/s-l300.jpg,eBay
Wireless Gaming Mouse Ergonomic Optical RGB Backlit Recharge Mute Office NEW,8.58,mouse,description,mouse,https://www.ebay.co.uk/itm/155721472508?itmmeta=01HQMPT9XJ5H7VF38D2HY8MVMK&hash=item2441b919fc:g:aA4AAOSwpkdk3Ekn&itmprp=enc%3AAQAIAAAAwDq0pURcVCUJ6MWOOaYL3rcH4J9o7TXcb8rTyXi5QYitjesK6b9tiBaMrlotabJsLEKnDr%2FbfZBS%2FAj8ikopgxSB2T62ALeGMCY9oGAMeocpOyuZmaJBl4j%2BrQuCVS%2BzKmyODs8N0r%2Bl1vTJo5U1lX%2FB6Zy5Nwv8%2FAFngbym1l3Du%2F3kPjI4h8DX5KJg%2BZN0y9dz8GoyA3rpjzQKeM%2BXCD8HcJ8SyF0Q1AqZkPQ%2BfWP6%2FiZJhcvy70EAcl1Um4LKow%3D%3D%7Ctkp%3ABk9SR4yf6Za9Yw,https://i.ebayimg.com/thumbs/images/g/aA4AAOSwpkdk3Ekn/s-l300.jpg,eBay
New listing3d connexion cad mouse (No receiver),35.47,mouse,description,mouse,https://www.ebay.co.uk/itm/196266410891?itmmeta=01HQMPT9XJ3DDACWN04P98TG2R&hash=item2db263c38b:g:O0IAAOSwShxl3YoR&itmprp=enc%3AAQAIAAAAwMckEE372fHL1T8fhO9SfDK7z%2BUtUtXdBJ2%2BIHojle1m36RfaRYqZGFmRVwa0kZNmfKjU%2B%2FIRNteZWLB%2FiYVQXXqjjSVEAp5O0nHGyLQbuB%2FmDbgwGd07a1z0VK2YzE4SJ4Ld7Ab4aIeY7ADyKhJbZIOy3KDwrUWGlKBWZ5RsMU8diEf1gFRrQYCeb8w3UaHQ6ZuhIkqWbtgf42Wp%2FepWK33sZ4lx0QE9h3nzi5EOs4SGdh1%2FNLG1rLQL0ZP%2BhzNMw%3D%3D%7Ctkp%3ABk9SR4yf6Za9Yw,https://i.ebayimg.com/thumbs/images/g/O0IAAOSwShxl3YoR/s-l300.jpg,eBay
Wired Game Gaming Mouse T7 7200 DPI Optical RGB Light 7 Programmable Buttons,11.89,mouse,description,mouse,https://www.ebay.co.uk/itm/295629934175?itmmeta=01HQMPT9XJG61HGG08HWCSDMKY&hash=item44d4eace5f:g:1a0AAOSwiwFkN--F&itmprp=enc%3AAQAIAAAA4JsBTsWLBaEpQRMmkNAC6xADqhMdYKyCJUtIvBRBVYyPZo3mrvh%2Fv5Jvr%2BoK9sFIzGeyMpZiGgmSKl03FUebr2zw9ONu3pTc4V5AjVgmprxKGn0oFanyF02gLdoZAYgJjP2PmDJOCkojL1V6SQ9G80TjI4snRBogra3w%2BGt%2BKRddHYgn3gMCdYUl0XbK%2FLkgP75GkCut122kBj2h0ZZoDaIitPc61btQbDLl15xxA4Bv1N0HtmPxjR8XDpnXuElzFlKxosrEE7C%2F1MeeInynzhoTxFJ4f96hYUrt633hkbsQ%7Ctkp%3ABk9SR4yf6Za9Yw,https://i.ebayimg.com/thumbs/images/g/1a0AAOSwiwFkN--F/s-l300.jpg,eBay
MARVO Scorpion M513 USB Wired Gaming Mouse Rainbow RGB LED Mice Programmable,10.99,mouse,description,mouse,https://www.ebay.co.uk/itm/116054342336?epid=12035807187&itmmeta=01HQMPT9XJA1NCD8NB50QXVGZX&hash=item1b0560bac0:g:DZcAAOSwbu9luQ7T&itmprp=enc%3AAQAIAAAAsCq1HWsCnXo92B5NAxrJyKHNQtqMQIOrddwyQv%2BK6f9V0GCQVPimP1cv0%2FI6DThZ4gDhSzDXrQKWv03iG%2BKgbSviVUvvmq5IP2T110IOePraykNqaCDozv7XmSA7x5uFPxy9BhuzJPFfVay0lI6eum9yzCe0YJSEl1Bi%2B0HX75eF1bxbzshqaMwIKS5Rvv8gs%2BoX1tZKwPjZmIGAONPYxjFQluxGIxrDvEijUKDDGmEm%7Ctkp%3ABlBMUIyf6Za9Yw,https://i.ebayimg.com/thumbs/images/g/DZcAAOSwbu9luQ7T/s-l300.jpg,eBay
Personalised Limited Edition Roberto Mancini Mouse Mat,5.99,mouse,description,mouse,https://www.ebay.co.uk/itm/364482095645?itmmeta=01HQMPT9XJPAF8PBV1RJ7X15HV&hash=item54dcd36a1d:g:wnUAAOSwmyNlBOzo&itmprp=enc%3AAQAIAAAAsLXT9APyzI%2BCYDo5Pa6L8Dp4LQMbnbF%2Bs9WBr8cI4KWIbmxutG6ctocRq2ymyneyDRJBegxcTyjBytDOEX0JulTRYFIVaeOIqDwjclyqulgWgUJ7iHwibBY2qQOk7uQkXPSf2uK1eG8nDT%2FT4mm6ItYIa7zouh6tisr63QYbvwP3WplK--o1T%2BEANL2E4ajiJRpIpog1sfN6OjsPI4n9EDdqC%2B3eDcsXfHNS0fsoVWOD%7Ctkp%3ABlBMUIyf6Za9Yw,https://i.ebayimg.com/thumbs/images/g/wnUAAOSwmyNlBOzo/s-l300.jpg,eBay
Silent Wireless Folding Mouse for Microsoft Computer Bluetooth-Fit Mouse mice,15.89,mouse,description,mouse,https://www.ebay.co.uk/itm/224879927034?itmmeta=01HQMPT9XJ5ETSP8XN81HQ17XY&hash=item345be35efa:g:L84AAOSw-5tiKrIx&itmprp=enc%3AAQAIAAAAwJJLFkwdPUDT8LjhTb2Fo7HfYPW%2FO2%2Fo2WPMv%2BDLJTmbb5FFe0ZeDZ5NJrn%2BTHSEpdhVUW5iO912ZDYVU2sQB%2FU9gnbbxuJhnshlXBpq6MwpL6%2FwOXopOPZT82ncDy28J%2BvlOvYocPiigrHYS2MWDTAYxpdyBjko2mRLqr24tBeF2ZGxNVLiU0P4G9Ij6p6T7t4kIkd4p%2BHw6pBvriRHKYhbuIyPw%2FCV5C5Of0%2BEvRt1iOmEbg%2BOa7J6yBVsv%2FPvbA%3D%3D%7Ctkp%3ABk9SR4yf6Za9Yw,https://i.ebayimg.com/thumbs/images/g/L84AAOSw-5tiKrIx/s-l300.jpg,eBay
Slim Silent Rechargeable Wireless Mouse RGB LED USB Mice MacBook Laptop PC UK,2.49 to 9.95,mouse,description,mouse,https://www.ebay.co.uk/itm/314881406806?itmmeta=01HQMPT9XJZAKQQEZ8B2MN55SR&hash=item495064f756:g:DqAAAOSwdvpkeXxW&itmprp=enc%3AAQAIAAAA4Ce9IlDEREVYY0x%2BZY2HJ9%2B7%2BzJgz%2Bp1GicrEqtyKNZ39Kpt1O4Qn3W%2FGUXwZsu5c5dxa4PBhgAnff9xUp%2Filb8sewlu33ztDKujewdYG%2FWBWdxP2JguJDM0%2FwSnUtdhUOsrJ8e02DopJqsU77LpTJK17xgzQrquj58ft%2B%2F%2BGbp2rukANtLFmXL0QuNeq7p0vras6OvQlMVuFWEHx54BDg1%2FRduNdxoMviGG%2BKiRzuhduXYP38PI2t%2FVkuWjDsWSWLU%2BwUWLoVzwLVgSwcETRODPVAie6RepdLjRkKoBq8sp%7Ctkp%3ABk9SR4yf6Za9Yw,https://i.ebayimg.com/thumbs/images/g/DqAAAOSwdvpkeXxW/s-l300.jpg,eBay
Acer OMW910 Wired USB Mouse For PC Laptop Computer Optical Scroll Wheel Black,8.99,mouse,description,mouse,https://www.ebay.co.uk/itm/386655766904?itmmeta=01HQMPT9XJXEP29Q5CN4H921KJ&hash=item5a067ac978:g:9ncAAOSw5idlp-X8&itmprp=enc%3AAQAIAAAAwEG1%2BOJq8WHI%2FZG4KU6NaR7LYO2A1Dxc1QgiXvFek5zqLY8FdaxAtHFaud1oMb%2FbzBwrQOnUd04AVLlimpv6U3jsezQipxa4DE7jaUWJb4fA8%2FVclvlKOUA6FEZNJBrfiMnAplLEGYQT7cxreelW0A6m36CI2Z%2BpMPQNpYiaZ36KI2xgpZkgk6LiEDekFVrtBLfMu4aqcT9fZeDSw1mi4iv%2FZ7LwgSdNFV%2FXK1Vkelwb0dhsCsYr0GEIRfOAvJLtrQ%3D%3D%7Ctkp%3ABk9SR46f6Za9Yw,https://i.ebayimg.com/thumbs/images/g/9ncAAOSw5idlp-X8/s-l300.jpg,eBay
Rechargeable Wireless Mouse Ergonomic Vertical Optical Ergonomic For Laptop PC,9.79,mouse,description,mouse,https://www.ebay.co.uk/itm/126026429123?itmmeta=01HQMPT9XJFYB0YTGPVQ4FP1VR&hash=item1d57c2b2c3:g:-7YAAOSwjy5kr8k3&itmprp=enc%3AAQAIAAAAwDu6HRRyQPEk56Qa%2FtQxPiYm8ZUrsqZ7PZdBcLx91lu3IHs6XR5ruvUYykPz4HNv2BomenyD8FqNiNfYKNn7a9nJZG7WW1j9B9fa4NnJ6HELd5iec6iPmHqCi99fFfCmvVl6HJFX7W6JmIEQ3Eye4FfH8eWM%2FLCTzhElCW0NZeEKgB8n3lNr3L44D9lTV0J05rnIx%2FUaj5HT9v1Hawn%2B5InXUP3U%2Bz0%2Fe2PQ%2BJP%2BCyhXSlhmc1vMdUYOsiyRO6ToTA%3D%3D%7Ctkp%3ABk9SR46f6Za9Yw,https://i.ebayimg.com/thumbs/images/g/-7YAAOSwjy5kr8k3/s-l300.jpg,eBay
For Logitech Bolt Wireless Mouse/Keyboard Replacement USB Receiver Repair Part,7.98 to 27.98,mouse,description,mouse,https://www.ebay.co.uk/itm/235288474466?itmmeta=01HQMPT9XJHX5GSE51A75A37PP&hash=item36c8493362:g:RPsAAOSwcsVlSvoT&itmprp=enc%3AAQAIAAAAwGCubL9mbdruadaT3aJk10Mrmdqb3JI%2BJmawJGY%2FYdkCF%2FlOwcayrWJujLuaCncB6y%2BjTST9ULTKVK1DmHg5UJAbwe7MIVXcgYa5vQ6juIo6KkBEEhro2hCEwnfBh0MMDOUEoPW3chh5DYaYKkW2dByuBQHpd%2FGMNxzkUMRvhRdGY%2Bi9qe5zr8ENpmuU467QDJH396su36b4I5X6klpUK1soL070sjt6mhnB2VTZJwG0X1bx6SDzutkGpI16XJ1%2BJg%3D%3D%7Ctkp%3ABk9SR46f6Za9Yw,https://i.ebayimg.com/thumbs/images/g/RPsAAOSwcsVlSvoT/s-l300.jpg,eBay
HyperX Pulsefire FPS Pro - Gaming Mouse-Gunmetal,19.54,mouse,description,mouse,https://www.ebay.co.uk/itm/225646452500?itmmeta=01HQMPT9XJ9BE8FZXF04VMPV5B&hash=item3489939f14:g:tKwAAOSwDwdkcMqa&itmprp=enc%3AAQAIAAAA4EEHPD6RYZQbRbACqnFDA%2BXymigvpOiIt4nF%2BLysgnpEEg4cqezN%2BxtM8IlNOkPJgbAEeqSZKR3hx%2Byd%2Ff3c%2FReZxUHrP26lKr0Q6tAKyeOOuj0CPQ1M%2Bl3i6OTIZUSi7PMELDNYMC7nHIGq8ZQfPhomjqMesCvj1iJ4Lj0XtOe8uOgAPAL1%2BPY%2FgWhHWK2%2BErplPJ%2Ft6XqaYeTeGWYiVb9V2S6I%2BSjjTSXmWuah38jmSQyf%2FJOr4taleMes8LxQAD164FoF1qOLbg53hqtajqH%2BxLdmp3gq6H0sJWpN7iaX%7Ctkp%3ABk9SR46f6Za9Yw,https://i.ebayimg.com/thumbs/images/g/tKwAAOSwDwdkcMqa/s-l300.jpg,eBay
2.4 GHz Wireless Cordless Mouse Optical 2000 DPI For PC Laptop Computer + USB,8.39 to 8.69,mouse,description,mouse,https://www.ebay.co.uk/itm/174747352470?itmmeta=01HQMPT9XJCVJHWGMHXZ2X829V&hash=item28afc0fd96:g:hu4AAOSwFlpghvpf&itmprp=enc%3AAQAIAAAAwFCDLtqStbjxqIb6qM3bsb%2Fv0bRZ89h60qvxFJ1b7TmUEdrEaoFBQps38zeVn2QEOVudEFg0BR4QcEKqna%2FUIjsSw594tujusLMc3sxzEi2f%2BoReHZLC0ZOTeegv%2Fx4Sh1rmM6%2FcwZjhzvlFWA7H6iaLLupsT7N78HmV74lAWFkNEmK1N0wXdPQPNz3fKc5eHdIxZlL3R2sasyeDA2uKvfBQJ812Ddd9hj3K0rCodXorS84EFmkIm6GqXMzcL1NJig%3D%3D%7Ctkp%3ABk9SR46f6Za9Yw,https://i.ebayimg.com/thumbs/images/g/hu4AAOSwFlpghvpf/s-l300.jpg,eBay
Jedel Wireless Optical Scroll DPI Gaming Mouse Cordless For PC & Laptop W400,6.48,mouse,description,mouse,https://www.ebay.co.uk/itm/134400653815?itmmeta=01HQMPT9XJC4EGXAK6Y3XHMJJ3&hash=item1f4ae739f7:g:jPgAAOSwKIJiErg5&itmprp=enc%3AAQAIAAAA4ITqSXIcZs0Jg2IMPj2Ah2Tg%2F6ZnWzzB05qE83OoXaBndvMvlWToqqxJdDixNgsMr6zU4%2B8hK%2Fs50pKQEjtTRAFI7CBiZx0iltazYbEH51EFYcGEgPm6TD%2BPfL8YSRTPkcaz3P21BBPtX%2B4SMOAnq0xtaW0lwzxwScog%2FBGChD4Dvmr3T5Bz0IYJNT7rLpWiyog3um9oYsRqACl7arIhiO6U%2BoLbiHoGKGhXqxMwaVm10wsIRfCp3wr0c2%2BWyDUcp4w%2BO5zAh4oN9V%2BmFeWXhzYafDwaULV8rS9jzVUCYGCq%7Ctkp%3ABk9SR46f6Za9Yw,https://i.ebayimg.com/thumbs/images/g/jPgAAOSwKIJiErg5/s-l300.jpg,eBay
USB Receiver for Dell Wireless Keyboard Mouse WM514/KM714/KM717/WM326/WK636P,9.80,mouse,description,mouse,https://www.ebay.co.uk/itm/126152703834?itmmeta=01HQMPT9XJ0PPV7E6E6N6CN528&hash=item1d5f497f5a:g:TpAAAOSwN41lN5L~&itmprp=enc%3AAQAIAAAAsBC2%2Fp7dlEOjn42C6a6AesuOMrPMBn6lLnUCIcOt8IDWF0U59fexm0GNshqxNEOMyZdFHxty56pQKPIspzOu1zHEWKfr%2B1L%2F%2BFTXegqgSUkkLMh9ShM6%2B%2Fq9Q2fpu6r3I5a248O1XEAtcH9V0%2BA3cQdXkF0pUxQ48qDnFzkTmT5NkLYNJh4KYrtSk5LaXGwHoWgcSCmvyuKYueqIq24WZE1dvh5q2TcPG55FLENpB2RX%7Ctkp%3ABk9SR46f6Za9Yw,https://i.ebayimg.com/thumbs/images/g/TpAAAOSwN41lN5L~/s-l300.jpg,eBay
2.4 GHz Wireless Cordless Mouse Mice Optical Scroll For PC Laptop Computer + USB,5.49,mouse,description,mouse,https://www.ebay.co.uk/itm/333909528661?epid=3028944682&itmmeta=01HQMPT9XJ0TKZXXX90KZ3T30T&hash=item4dbe8f1055:g:wjMAAOSwFnJgQPlK&itmprp=enc%3AAQAIAAAAwBe1XUu2ed%2F%2BRAGLVKHy%2BKY8%2FjkrE5o0nG%2BcEY%2BgN6BR1MTPia%2BBOoCvLrnAqwdu%2F%2Btn3PcSq8a%2Bv9CKJC8xWfExSBJcB6KgvBROnzH7Shs0pP3inwlT71FZmxjKTDHtGLF0lrlkxIQACF7%2FpIgUJbelJozuAe3XU0Kwbw6HBJG%2FCr5jh1cJYiQIcakEoN%2BDCHaXeKB%2BTeH4Rw7Ags%2BJtj2emw3xOBMbs41yaDM6QQ8NIG%2FXKzYNFZz5OqhRRUWyrw%3D%3D%7Ctkp%3ABk9SR46f6Za9Yw,https://i.ebayimg.com/thumbs/images/g/wjMAAOSwFnJgQPlK/s-l300.jpg,eBay
(white) USB Mouse With RGB Backlight Wired Ergonomic Computer Mouse For,4.71,mouse,description,mouse,https://www.ebay.co.uk/itm/225934367137?itmmeta=01HQMPT9XJZSYWJMBHJ7TADMDX&hash=item349abcd9a1:g:B9kAAOSwCWlljN77&itmprp=enc%3AAQAIAAAA4IaVswUuSRhtoQ1e8PoZ8RuTOfO%2BjNKklyI8RAK4MYAn8XBk%2BZbmcMcEfAMxQO8cXLI2yBcvi479ejvDtLNr%2BK%2FTW3POwesM%2FFdBXM6%2BugyyKnuTTd0RVYiQ59XscJoQ2h0ifd5Zsz8paMqUy2fEVwdxH1%2FVFehSWbe%2FrRsgIxcL61CiwKUuJfCppIfhgE4kbEgu8%2FA0KsPDCOgewJkCCDwBp8puR%2Bnjs8MI0ZK3AJOUaRTVwAkE6Hiik%2FcqD7cjdtEVrIO4pFIkOXTgoYcSnbwwTURzA6aBJhqu4NKfZ7UW%7Ctkp%3ABk9SR46f6Za9Yw,https://i.ebayimg.com/thumbs/images/g/B9kAAOSwCWlljN77/s-l300.jpg,eBay
2.4GHz Wireless Cordless Mouse Mice Optical Scroll For PC Laptop Computer + USB,3.99,mouse,description,mouse,https://www.ebay.co.uk/itm/355371881456?itmmeta=01HQMPT9XJ64V7KMEZEMERE57D&hash=item52bdd093f0:g:lmIAAOSwN0NloSqY&itmprp=enc%3AAQAIAAAAwKnIBB7Pv47Ps3HbQkEJIhSxA0WSA3vE4Ey1P6KY3gaV0bvKZcpdU%2BUUfE1RPQANo8KICStM%2B39o61Fg5N5NYLCQUf38DWairyXe9EWgIvqB02WQ3c5EQ%2FhQwwKdT2wzvLJMnmiq8HtpRyVdUbKqdGO47X%2FHg6x40EViAbN14U5oLy3n7%2FgL%2F75z%2BaMWRYzFCOSKCX3RwrDZDoPf2R7WXiQjJlWRyXGNyfDpteIrKvRu024TP2S5sUgjSm2S4OJk%2FQ%3D%3D%7Ctkp%3ABk9SR46f6Za9Yw,https://i.ebayimg.com/thumbs/images/g/lmIAAOSwN0NloSqY/s-l300.jpg,eBay
HP MOAFKOA PS2 Mouse,5.99,mouse,description,mouse,https://www.ebay.co.uk/itm/404612185669?itmmeta=01HQMPT9XJ2FM76WQ2WMF9D6AG&hash=item5e34c3fe45:g:Pr8AAOSwCwVlTQ4k&itmprp=enc%3AAQAIAAAAwM2X0ziHxyLWy8xEovVlt39nw6iZaleI%2B9YQx3esLZ5hhVWfU1GOZFqWMrdN%2B3PcGtachob8a21Ru998m3oaVT4jMEM6iV1OQRgfzw36HleSQuKssckH%2BwXBLvKiFZcw6qhdzsduSiWj5fENDIgcoJ14zV5q%2FGqTU2qJaDtg9FgHJuFPalgrY0dtXvJSEdVrlcIcgacyMVnH5C1csb%2BQriT9wr28kqRY5FhMEqS%2BJO6wBT5VtlATewM0u8jOtGOQqg%3D%3D%7Ctkp%3ABk9SR46f6Za9Yw,https://i.ebayimg.com/thumbs/images/g/Pr8AAOSwCwVlTQ4k/s-l300.jpg,eBay
2.4GHz Ergonomic Mouse Rechargeable Optical Vertical Wireless Mice for PC Laptop,11.76 to 12.94,mouse,description,mouse,https://www.ebay.co.uk/itm/275019555413?itmmeta=01HQMPT9XJG2KQYZCZ77MBA9YJ&hash=item4008716255:g:kAoAAOSwI0BhiQpw&itmprp=enc%3AAQAIAAAA4K5p27%2B8f8qd71ojWvDPnXkxcozbvXFmO1F%2B2ov6z%2BSfDa07b2slb5RG%2BJQoEgXASC%2FVt6%2BsYmSjaGVVrnsF4kqeY0cTXHKSvfaYjUk33hn4k91tItrciYnRVZBfHxmbNmHM5zot4Vm9znYeBoh%2BLkZ70NsUtjgBHg%2B6uZ0MAbs2XlwPy9w3pLKMacq8ZrBQHP0wGNyDFPoCMcNUBCH95GF7VvNmeBqPKwEC6xpQbJM%2BvRm9ZsvtR4xnoDF94bz7TrAWZClGY5JnyQJJ9RQlwrSadNLcz2eATY5%2FFIYJXBRe%7Ctkp%3ABk9SR46f6Za9Yw,https://i.ebayimg.com/thumbs/images/g/kAoAAOSwI0BhiQpw/s-l300.jpg,eBay
Gaming Mouse Wireless Rechargeable Optical Mice Silent Click DPI Adjustable Nano,7.99,mouse,description,mouse,https://www.ebay.co.uk/itm/314794841785?itmmeta=01HQMPT9XJNZY9J19J3JBAVHH6&hash=item494b3c16b9:g:ve8AAOSwSOJlGoW7&itmprp=enc%3AAQAIAAAAwGRgimMkZCfMCxi48QMeUPP8ROWA9KNQqx67ZZ%2BKb7OEVcBvjb6qN3nIpSWoxAcSpEEsQ55rqDcu94u2m%2BEOonkpBCE7aoOqlRuODUrdmAAyWtbqZ8MDiZvbKgNdIhCbdiamva2wC%2BsgKOsGfZDXsg05aAbJaLWLWWFo7OvBLiIM4%2FBIyCrsw2ERrK%2Bdj24xHthpvuMxUXsmSVldiU7jrPWMGuFwJY4B5Y0zrjG4hPLfLWiLjnL5H2eGPmbHJ%2FY%2FuA%3D%3D%7Ctkp%3ABk9SR46f6Za9Yw,https://i.ebayimg.com/thumbs/images/g/ve8AAOSwSOJlGoW7/s-l300.jpg,eBay
Wired USB Mouse For PC Laptop Computer Optical Scroll Wheel For HP Lenovo Dell,6.99,mouse,description,mouse,https://www.ebay.co.uk/itm/386704572976?itmmeta=01HQMPT9XJV3V74X354QZVJM0V&hash=item5a09638230:g:0PMAAOSw0uJlsXOs&itmprp=enc%3AAQAIAAAA4EiNwjRJ8O3cjkZ%2BE3uwtIuQlBdZwR%2F5NCsoPK1w8AwI%2B4uJQaSd%2FMB1%2BD4BUttB%2B1Z13AbMG7wHNTKfSgjhN0e2gYMBsiLdQgjQfaaXmB45iu%2BiE2v%2BXprJNZ20BkhI9qe6vnzoFY0uaO8fV5UvDZQDzp5hSbsfUzDFcdfzo5aNNQH9pvbknQxeNQqB8LO71iwvTv6g6JvcbobiHxtXTLxlWWzaFEuJA4GzMEa0OxlIWdCxlUaMXbCXcChAIN9hrt2yK6c7kCTDYT1DmPpfOcrdpY5Q26ZHik49Xo2dnVc0%7Ctkp%3ABk9SR5Cf6Za9Yw,https://i.ebayimg.com/thumbs/images/g/0PMAAOSw0uJlsXOs/s-l300.jpg,eBay
Mouse Mice USB Nylon Braided Cable Line Wire & Feet Skate For Logitech G9 G9X,4.39,mouse,description,mouse,https://www.ebay.co.uk/itm/262383833474?itmmeta=01HQMPT9XJB2Y7Q7T9MDPFE6SR&hash=item3d174b9182:g:Q1gAAOSwyB9XDU88&itmprp=enc%3AAQAIAAAAwJgNFQlDavkvzQkc3KnJWkWYye0Za8CTngYcwNeXLvPxUMR%2Bcj9K7HD6XVuGf17cU31JwzpZO%2F6pVw3wx1TEBb3%2F1OSCa20o8WF0BFkQKXjSurPmkLpDXhtvCKcUIZBz93tFjN2YuQUReEqRdV8vc8vwq%2FF8CSxP%2Be3P%2FdVj1QRP3efJ71Epnpj1Uw0ukzhwuvf2urkN4vmjyMkA8B4kOFNl7wOAkH7mTtK366RwbVp5EeN0TSfJizmn6ttsckyxyw%3D%3D%7Ctkp%3ABk9SR5Cf6Za9Yw,https://i.ebayimg.com/thumbs/images/g/Q1gAAOSwyB9XDU88/s-l300.jpg,eBay
Mouse Wheel Mouse Scroll Wheel Mouse Accessories for Razer Lancehead,7.30,mouse,description,mouse,https://www.ebay.co.uk/itm/375087457884?itmmeta=01HQMPT9XJB4P3FRD56VAC7KM2&hash=item5754f4665c:g:qwoAAOSw1O9lZcE~&itmprp=enc%3AAQAIAAAA0DpvaHMOnZ6TdPdL62NuFWNamLFII%2BszKao7u8LJmjyR5oKk7B1hrRdwvmbwJCKRm5X9Xw93VMsHMbNs50QpcdqjriUgCRTUDXwk25qnEiJniG0AQ05HLAc9GwA7kFTHXe3L8GoT%2BhSXS5HJ9EWtZPFbHbsxwnAI%2BkK%2Fk%2F%2BDVKTmsLgUocryqphp5SC5PGCcMRlY33O0HzgtTGZJlW9qA9xAf8SUrcTSLIjEbZ8FF%2F7n7XH3wIOrX5V5dURilHaGyEDbsbfeJz3qMNA2cVAoQwQ%3D%7Ctkp%3ABk9SR5Cf6Za9Yw,https://i.ebayimg.com/thumbs/images/g/qwoAAOSw1O9lZcE~/s-l300.jpg,eBay
2.4 GHz Wireless Cordless Mouse Mice Optical Scroll For PC Laptop Computer + USB,3.99,mouse,description,mouse,https://www.ebay.co.uk/itm/155855292363?itmmeta=01HQMPT9XJX46BBP81EVT8NXC9&hash=item2449b307cb:g:W8wAAOSw97RgK~3h&itmprp=enc%3AAQAIAAAA0FDvLakfcJ2HEKv%2BbBKZAXN4Y1ftFc5NS4652yoOim4XfA4lueHn4eNQw1d5Kf1A4%2BSovZN1x6fdZxrK3wdiAUwjhqI5zCembxYPhaILuf%2FgFKztM1bwp0C53h6mR%2F9T5eD%2BxFnuziuv9s61KXegWwHn65FqjLNhyjKuVbK01zb0pU2kjkjfLk6%2FLzQ3RzxsRBpzGUWLlR878Yyd2BSyIh%2FULg%2BtdsF7sgxWpRb%2BpLjiq6r%2FW8iC8hf84vwn4rLwLFVRsBoMt8Vqu1Q9H08g9Bk%3D%7Ctkp%3ABFBMkJ_plr1j,https://i.ebayimg.com/thumbs/images/g/W8wAAOSw97RgK~3h/s-l300.jpg,eBay
Slim Silent Wireless Mouse USB Mice Rechargeable RGB LED Laptop PC UK Universal,7.46,mouse,description,mouse,https://www.ebay.co.uk/itm/364414812729?itmmeta=01HQMPT9XKF3BDRYWKEPR665JW&hash=item54d8d0c239:g:fDMAAOSwzBBj6N5T&itmprp=enc%3AAQAIAAAA0NR%2F3YG%2B%2Bihdwn8Y2VeSEC1i8zZ3GQ%2BErC%2FFTDjEymx%2FhgYjd4zunrMAT43bEPReildoNkaewYgAjHovaViKOPpX%2Ftzbpc59NPBIgPLmXiy5teylRittEx2cfb61ApHW3DFUaFWBwwOiPWPGg733SFHLiIafxCc63%2BB7dJVnyBEWBUhUWTZIh11TQddRTz0vOWTxhzwUkAualdGZRwqjqN090ml91uopX7ax4f865cKqOzfZOXoWRC%2BdsEIONJ%2FGjEUyTqF%2FNWgTFpa40MiNHIA%3D%7Ctkp%3ABFBMkJ_plr1j,https://i.ebayimg.com/thumbs/images/g/fDMAAOSwzBBj6N5T/s-l300.jpg,eBay
